Eva1,ems_ferrM_4475_0002,DEEEEVERLLEEVEQALREGDPERARELLEKVKKLVEEIGNEELKEEVERLEKLVN,ferredoxin,2,3.194662638
100K_winter19,nmt_holdout_HHHH_topo_4h_2991_refine_anythinggoes_3,DELEKQREELERLLQEARKRNDEELVKFIEETIRRLETLIKRNASEEQLEELYKRFKEYIKRRE,,,2.659914434
100K_winter19,HHH_rd4_0353_interaction_anythinggoes_1,SEEEERARKLLEEARELLKEGNEEEARRVLEEAYEIAEKGNNPEILEEVRRLLEEL,,,2.587536419
100K_winter19,HHH_rd4_0353_refine_noW_2,DEELEELIREARRLLENGNPEEARKVLERAREIAEKLNSPLLEEIKRLEKEVE,,,2.554671162
100K_winter19,nmt_holdout_HHHH_topo_4h_1372_refine_anythinggoes_4,DEERRRVERLLERAKHIEDEEERRKLIEEARRIAEEAGDPELRRLVEKVRREL,,,2.545021111
100K_winter19,nmt_holdout_HHHH_topo_4h_2992_refine_noW_3,DLEELERRLRELRKHVSEELRRLIEEVLRRAEELRKEGNPEEAERLLREMLKLVH,,,2.543615651
100K_winter19,nmt_holdout_HHHH_topo_4h_1369_refine_anythinggoes_4,DELKELSEEAIRRAEDAARRNDEETLRRLLEHQRDLLRKAQDERERRKIEHSIRIIEELARR,,,2.543537979
100K_winter19,relaxed_pairs1A3B007A_B_C_D-50-1pc_0001_refine_noW_3,DEEEERIRELERRAKRVSEEEAERILEEAERIARESNDPELEELVRRIREEL,,,2.534799852
100K_winter19,nmt_holdout_HHHH_topo_4h_4807_refine_anythinggoes_3,DEEYEKRVRELLEKARHIEDEEERKRVVEEAERLAKEGNNPEAERLVEEFKKEL,,,2.518673187
100K_winter19,HHH_rd4_0353_refine_anythinggoes_4,SEEVEKEIEEIIRLIEELGNPELAKRVRELLERYREEGDPRYLEEARRLLEEAERR,,,2.515757865
100K_winter19,nmt_holdout_EEHEE_topo_beta_grasp_201_refine_anythinggoes_2,TREEIERLFREAEELVRQGNLEEAKKLLEEALRLAEELNDPELERRIRELIEEIERL,,,2.511919819
100K_winter19,nmt_holdout_EEHEE_topo_beta_grasp_201_refine_anythinggoes_4,DLEERVKKLLERARELLKNGNPEEAEKLARKAERLARENNNEELLKEIEELLREL,,,2.510529312
100K_winter19,relaxed_pairs4A0B000B_A_C_D-59-4o60_0001_14GK_15GI_neg_epi,DIEEKVEEVKEELRRLLEEGDEEEAERLVREVLRELKELGNEELVRELEEFFRRVLN,,,2.504714797
100K_winter19,HHH_rd3_0138_pos_epi_31ED_32EG,DKEEVEKRVRELLERAKKVEDPKELKELLEEAERLARELNDPELERLVEEVKERL,,,2.501186073
100K_winter19,HHH_rd4_0722_interaction_noW_1,DVEERARRLIEEAKKALENGNPEEARELLKEAKEVAEKNNNEELRKEIEELLKEVEN,,,2.494352841
100K_winter19,relaxed_pairs4A0B000B_A_C_D-59-4o60_0001_23EI_neg_epi,DYEERVKRLLERAKRIEDPEEVRKLLEEAERVAREGNNPELEELVERVKEEL,,,2.492534425
100K_winter19,HHH_rd4_0353_random_anythinggoes_2,DEELRERVERLLEKARKIEDPEEARRLVEEAERLARELGDPELRRLVERVKKEIEEL,,,2.491358584
100K_winter19,HHH_rd4_0353_interaction_noAFILMVWY_1,DEIREEIRRLLEEAKELREKGNPEEAEELLKEAERLARELGDPELRELVRRVQKEIR,,,2.488574074
100K_winter19,relaxed_pairs4A0B000B_A_C_D-59-4o60_0001_14GK_neg_epi,DEREEAKEIARKLLELTHKATDEEERKRLIELLRELLERLKDEEARKIVKKAIESQERWA,,,2.486935015
100K_winter19,HHH_rd4_0014_neg_epi,DEEVEELLRRVKELIERYKREKDERLLEEVERILKRLRELGDEEAVREVERLLREVR,,,2.481320129
100K_winter19,HEEH_10259_49YV_55EF_neg_epi,SEFEELIREAKRLAKELNDEEVLEELERLEEEYRKKGDPRLEERVKELLKRLEELS,,,2.477195907
100K_winter19,HHH_rd3_0138_pos_epi_32ED_33ED,DEEEERIRELLERAKHIPDPEERRKVLEEALRLAKKLGNEELLRIAEKLLKELN,,,2.476961882
100K_winter19,HHH_rd3_0138_pos_epi_31ED_33EM,DEELSKRLIKIAREQGRRELVELLEESIRAVRRGELDEEEAKRINRHVERLLKG,,,2.475524259
100K_winter19,relaxed_pairs1A3B007A_B_C_D-51-0o80_0001_interaction_noAFILMVWY_1,SVEEVAERLKEEIERLLREGNEEEARKLLEEAKRILKELGNPELVEEIEEFFKKLEG,,,2.470562844
100K_winter19,HHH_rd3_0138_pos_epi_30SM_31ED,DEELRRLLEEAEELIKNGNPEEARKVLERARKLAEELNDEEILKKVRKLLEELG,,,2.464687412
100K_winter19,nmt_holdout_HHHH_topo_4h_4035_refine_anythinggoes_4,DLEELAKEIAKRIAEELGLSEEERKELEKYAEELAKRGVSEEELKRLIEEYARK,,,2.463533009
100K_winter19,nmt_holdout_HHHH_topo_4h_4806_refine_anythinggoes_2,DEEVERRVKELLEEAKKIDDPKERERVLEEAERLARELGDPELERLVEKVIRELN,,,2.461125493
100K_winter19,HHH_rd3_0138_pos_epi_30SI_31ED,SEEEVKRLLEEAKHVPDPKEARELAEEAVRLARELGDEELLREAEEFLKKLR,,,2.45989064
100K_winter19,HHH_rd4_0353_interaction_noW_1,DEERRRVEELLERAKRIPDPRKREELLREAEEIAKKSNDPELERLVREVKERLQG,,,2.45863018
100K_winter19,HHH_rd4_0353_refine_noW_3,DEEIEKKVKELKKNGVDKEQVEEWLRRQNVDEREVKKILDKLF,,,2.455773193
100K_winter19,HHH_rd4_0014_33EH_neg_epi,DLEELIKHLKRLSEELNRNIEDEERIKFSNEVARKAIELAKKIDDRETAERVLKEAIRLIERFG,,,2.455099639
100K_winter19,relaxed_pairs2A3B067D_B_C_E_A-54-1pc_0001_refine_noW_1,DVEERAKELYEEAKRLIEEGDEERVRELLEELERLAKEFNDELARELLERLRELL,,,2.454554253
100K_winter19,HHH_rd3_0138neg_epi_32EM,DAEELVRELLERVRELLERGNEEEAKKLLEEAKRIAEERNDPEARKLVEEIERLIG,,,2.45394836
100K_winter19,nmt_holdout_HHHH_topo_4h_1368_refine_anythinggoes_4,SAKDLARKVEETAKKKNDKKLEKVAKLLKKAIKKGDEKAIRKLKKLFKKLDS,,,2.453603865
100K_winter19,HHH_rd3_0138neg_epi_33ED,DREEAKRLFEEAERVLREGDEEKFERLLKRLEELLERSGDPEIERLIRELRKLKREL,,,2.453277262
100K_winter19,relaxed_pairs1A3B007A_B_C_D-51-0o80_0001_refine_anythinggoes_1,SEVREEARKLFEKAKRLLEEGDKEEVEEIIKRLRELSEKYGDEEVQRLLEELERLL,,,2.452989203
100K_winter19,HHH_rd3_0138_pos_epi_30SW_31ED,DEELRKFAKEVVERLVKELGLSEEDKELLEELARKLVEEGYSEEEIERRLRKLAEEL,,,2.451220186
100K_winter19,HHH_rd4_0014_33EH_34VL_neg_epi,DEVEEKLRKIVTEAIKLLKSPDPTQRTKAKKIIKKAKKEVTEVNPELSKKADQIIKELQKKI,,,2.450323142
100K_winter19,nmt_holdout_HHHH_topo_4h_1614_refine_anythinggoes_3,DLEERVRELLERAKELVKEGNPEEAKKLLEEAKRLAEELNDPELRRLVEEVEEEIRR,,,2.44903041
100K_winter19,ems_4hM_3953_0001_refine_noAFILMVWY_1,DEERRRVRELLERAKKIEDEREVKKLLEEARRLAEELNDPELKELVRKFEEELK,,,2.445434283
Eva2_scrambled_controls,rand_ems_ferrM_4649,DVEELAERAEKKLREEGDEETLKELEELLELVRRTGDPEDKKRLERLAREIL,,,2.444871656
100K_winter19,nmt_holdout_HHHH_topo_4h_4629_refine_anythinggoes_2,DEEEEEVKELLKELERAIKEGDEELARELIKRLRKLIKELNDPELEKELRRLEKELD,,,2.443456139
100K_winter19,HHH_rd3_0138neg_epi_33EM,DEEVEKKVRDLYKQGWDKEQITKILRRQGIDPRKVEHAVKKVG,,,2.439165509
100K_winter19,HHH_rd3_0138neg_epi_30SW,SSEERVKKLLEKAKRIEDPEERERVLEEAERLAKENNDPELKRLVEKVIREL,,,2.438593195
100K_winter19,relaxed_pairs2A3B067A_B_C_E_D-54-0pc80_0001_refine_anythinggoes_4,DVEELVKISIKLARERGDEEAIKRSEEVLRLFRRGELSEEDARKHEEELIRRLHG,,,2.437163391
100K_winter19,relaxed_pairs1A3B007A_B_C_D-51-0o80_0001_refine_noAFILMVWY_4,DYRKIIKKAEKLAKKKGDKKAEKTLKKILKAADDGILSPEQASKLAKRIIEKLSK,,,2.43666046
100K_winter19,HEEH_11219_15EY_neg_epi,RDEAKKIVEQLIRNGVSPEEAREIAERLGIDPDEAKEILKEIF,,,2.432864384
100K_winter19,HHH_rd4_0353_refine_noW_0,SEIEEVRRLAKELLEELRKRNDEELVRELEELLKKLEEKGDPELAKELEELIKRIR,,,2.431007085
100K_winter19,relaxed_pairs4A0B000B_A_C_D-59-4o60_0001_0KL_32TN_neg_epi,TPEEEAKTVIKEIREALKKNDEERVKKALEKAKELIKRLTVKELREELKKTIEETQRQLEK,,,2.430420968
100K_winter19,nmt_holdout_HHHH_topo_4h_1697_refine_anythinggoes_2,SEVKELVRKLLEEAEELYRQGNPEEVERLLREAEEVARRHNDPEAEELVRRVRERL,,,2.430320216
100K_winter19,HHH_rd4_0353_refine_noAFILMVWY_1,SLEELTEEARRLAKERGDEELLRRLEELLRRVERHGDPRLREELRKLVEEIL,,,2.429823175
100K_winter19,nmt_holdout_HHHH_topo_4h_4466_refine_anythinggoes_3,DELEEILTKFLRKVEETVKKVPDPTEAREILDRAKEWVRRTIPDPTLVKQAEEFLDRVKKEVS,,,2.429678977
100K_winter19,HHH_rd4_0722_refine_noW_2,SEELREEVEKLLEEAKRLYEEGNPEEAERLLREAKELAKRVNDDELERKIKKLEEEI,,,2.428668629
100K_winter19,nmt_holdout_HHHH_topo_4h_1368_refine_noW_4,DVEEEVRRLLEEAKKISDPREREKLLREAERLARENNDDELERLVEKLKREL,,,2.426322541
100K_winter19,nmt_holdout_HHHH_topo_4h_1806_refine_noW_4,SREELERLLREAEEALRRGNPEEARKILREAKKLAEELNDEELLEKIRELLERIEG,,,2.425637395
100K_winter19,nmt_holdout_HHHH_topo_4h_2913_refine_anythinggoes_4,DVEELLEEVERLLREGDVERAREVLEEARRLAEELGDPELRRLVEELRELLEEN,,,2.423568807
100K_winter19,nmt_holdout_HHHH_topo_4h_1806_refine_noW_2,PEKAKKLVEQAVRNGLSEEQIRRYAKKAGISPSIIEEALKEIF,,,2.423145853
100K_winter19,relaxed_pairs4A0B000B_A_C_D-59-4o60_0001_pos_epi,DEEIRERVERLLEKAKRITDPEEREKVLKEAEELAEKLNDPELRRKVEEVKREVN,,,2.421706431
100K_winter19,relaxed_pairs1A3B007A_B_C_D-51-0o80_0001_refine_noAFILMVWY_3,DEEVRRRVKELLERAKRIEDPEEVRKLIEEAERLAKELNDPELERLVEEVRKEL,,,2.421514048
100K_winter19,nmt_holdout_HHHH_topo_4h_4466_refine_anythinggoes_4,SEVSELAEKVISLAKEVKKSIEDPTKRKKVEKYQKLAKKAGHDPDEELARKLLEKIEKDLKSM,,,2.420435122
100K_winter19,nmt_holdout_HHHH_topo_4h_4392_refine_anythinggoes_4,TPEDFKEKLREAFEEGDESKLEEIRQRAKKVLSPELLERLKEFEKELKKS,,,2.419543474
100K_winter19,relaxed_pairs4A0B000B_A_C_D-59-4o60_0001neg_epi_2FA_pos_epi,DEEEIRELLKELEELVKRNDEERAKKLYERIRRLIEELGDPELERVLRELKELLEKL,,,2.41597098
100K_winter19,HHH_rd3_0138neg_epi_31ED,SEDEERVRKLLEEARRLKEEGNPEEAEKLLREAERIARESNNPELERLVERVKKEL,,,2.415912854
100K_winter19,relaxed_pairs4A0B000B_A_C_D-59-4o60_0001_0KE_32TN_neg_epi,DEVERRVKELLKKAEELLRRGNPEEAREVLKEAKELAKRGNNEELKELIEEVERKIN,,,2.413375066
100K_winter19,HHH_rd3_0138_pos_epi_32EI_33ED,DREEAEERVRKLLEEAKKISDEEEVRRLLEEARELAEKVNDPELEKLVEKVKREL,,,2.411218547
100K_winter19,nmt_holdout_HHHH_topo_4h_1501_refine_anythinggoes_3,DVEERLRELLEEAKRLIEEGDPERAREVLEEAKKLAEENNDEEIKRLLEELEKLVN,,,2.411113234
100K_winter19,HHH_rd3_0138neg_epi_32EI,DDDSAESLVQTVETQFKQTKDPSQLKEILKKAKEKADKLNAEKAQTVITRLEKTLKKLESS,,,2.411079136
100K_winter19,nmt_holdout_HHHH_topo_4h_5106_refine_anythinggoes_3,DEEELREEVERLLEEARHIPDKREVERLLKEAKRLAEELGDEELKELVERVEREL,,,2.410472235
100K_winter19,relaxed_pairs4A0B000B_A_C_D-59-4o60_0001neg_epi_54QP_pos_epi,SERTKRIEEDVEKIVEKWGVTEEIKKRIKEEVRKLLKTGKLSEEEIKRQASKLAEEWWRRLQ,,,2.408985057
100K_winter19,relaxed_pairs2A3B067D_B_C_E_A-53-0pcp60_0001_refine_anythinggoes_4,SDESKTKSFRDKLKSLLDKARDPKFQTLLKQALTEFNRAYKNNDKETLDKVIKKLDKIEKSY,,,2.408195794
100K_winter19,relaxed_pairs4A0B000B_A_C_D-59-4o60_0001_49FQ_50DK_pos_epi,DEEQKRVTTTLKKLEELARNASSKEEVKELIKKVEKIKKDAQDPHVRKLADTVKKRLEKIKDS,,,2.406624995
100K_winter19,nmt_holdout_HHHH_topo_4h_1943_refine_noW_4,STEEIKKRARKAYKKGDRKLLKKLLEKARREGAEDAAKYVEKLLKSAC,,,2.406566389
100K_winter19,relaxed_pairs4A0B000B_A_C_D-59-4o60_0001_20AK_57NP_pos_epi,STEELKKKLEEAIRQGNADLVRELAQRIGLSDEEAEKLAQKAK,,,2.405291437
100K_winter19,nmt_holdout_HHHH_topo_4h_2991_refine_noW_1,SDRETAKKLVSDAKRIASSADPRLEKYVDKVWKELVSQATSDTEKKKVAKKVLDYVRKVS,,,2.401845677
100K_winter19,HHH_rd3_0138,SEEEEESRRLIKELEELVEKNDEEKVKELLERLEELAERINDPEARRVAEEVRKFL,,,2.399220625
100K_winter19,relaxed_pairs4A0B000B_A_C_D-59-4o60_0001neg_epi_6FV_pos_epi,DLEEELRELVRRLVEELGLSEEDKERLEEEVEELIRRGLSPEEAKEVIERLAEELKRG,,,2.397148983
TwoSix_100K,nmt_0450_guided_04,DIEELVERALRLLKELGDEETLRRLEELLEEYKRKGDPRLKEELRRIAEEVL,,,2.396569198
100K_winter19,nmt_holdout_HHHH_topo_4h_2992_refine_noW_4,SWDEIRKRIEELIRRGDWKEAKKLFEEAKKRGLISPEVKKLYKKIQELEKRD,,,2.392747877
100K_winter19,nmt_holdout_HHHH_topo_4h_1809_refine_noW_4,SEVEEELEEIVRLIEELGDPEAARRVRELLERYKKEGDPRYLEEARELLREVEERHH,,,2.392305252
100K_winter19,HEEH_11219_7KN_8TF_neg_epi,SEEEERVKELLEEIRRLLKEGDKEEAERLLEEAERIAREINNEELEEEIRRLKKEVG,,,2.391400879
100K_winter19,nmt_holdout_HHHH_topo_4h_1974_refine_noW_1,SEEEEELARKAREEAEELYERGDREEIERLLRELRELLKKTGDPEVEEAIRFLEKLL,,,2.391183056
100K_winter19,relaxed_pairs4A0B000B_A_C_D-59-4o60_0001_0KL_40IV_neg_epi,DEEERRVRELLERAKHVPDPEERRRILEEARRVAEEGNDPELRKLVEEVQEELERK,,,2.389169522
100K_winter19,relaxed_pairs4A0B000B_A_C_D-59-4o60_0001_0KL_8KA_neg_epi,DEERLEELIERAKRIEDPEEARRVLEEALRLAEKLGSPLYEEIRKLLEELN,,,2.388802948
100K_winter19,nmt_holdout_HHHH_topo_4h_1695_refine_anythinggoes_1,DEERVRKLLEKAKHIEDPEERKKVLEEAERVAKESNDPELERLVKRVKEELD,,,2.388714321
100K_winter19,relaxed_pairs2A3B067D_B_C_E_A-54-1pc_0001_refine_noW_3,DVEERAKELLERAKRIEDPREVRKLLREALELAERVNDEELLKEIRELLKRVEEG,,,2.385668638
100K_winter19,relaxed_pairs4A0B000B_A_C_D-62-1pc60_0001_refine_noW_3,DWEEVVEEVKRIAEERNDEELKRRIEELERRARRHNDPRVREEIRRLLEEL,,,2.3821857
100K_winter19,nmt_holdout_HHHH_topo_4h_1694_refine_noW_1,DVEELVREAKELAKHIPDPREREEVERLAEELERKGDPRLKKELRELLERL,,,2.382003982
100K_winter19,relaxed_pairs4A0B000B_A_C_D-59-4o60_0001_16IW_neg_epi,SELEEEAEKLVEELKRRGNPELAEEVRRLLERLRREGDPELKRELKELLERL,,,2.381812496
100K_winter19,relaxed_pairs4A0B000B_A_C_D-59-4o60_0001_0KL_neg_epi,DAEELLEEAKELLKKIKDPRELEELAREVLRELKELGNPELAEELERLVRELRKEL,,,2.379773733
100K_winter19,relaxed_pairs1A3B007A_B_C_D-51-0o80_0001_refine_noAFILMVWY_1,PEELEKKAEELVRNGWDPRQVEEWLRRNGVDEREVQRIVRKVS,,,2.378177891
100K_winter19,relaxed_pairs4A0B000B_A_C_D-59-4o60_0001neg_epi_49FQ_pos_epi,SREEIKERVRRLLEEAKRIEDEERVRELLEEAERLAKELNDEELKRLVEEVKREL,,,2.375838902
100K_winter19,relaxed_pairs4A0B000B_A_C_D-59-4o60_0001_6FV_54QP_pos_epi,SLEEKAERVVREARRLLEEGNPEEARRLLERALEELKRLGNEEAREIVRKLLEELN,,,2.374575318
100K_winter19,nmt_holdout_HHHH_topo_4h_1369_refine_anythinggoes_2,DKEEIEKELEELLERLRELNDEEAVRRLEELLERFRRENDPRLLEEARRILEEVE,,,2.3734551
100K_winter19,relaxed_pairs2A3B067A_B_C_E_D-54-0pc80_0001_refine_noW_2,DREEVEELLERAKHIEDPEERKKLLEKAEEVARRSNDPELERLVKRVKEEL,,,2.373180164
100K_winter19,nmt_holdout_HHHH_topo_4h_4470_refine_anythinggoes_2,DEEELRREAEELLEEARKIEDEEEVRRLLERALELARRGNDEELVKELEKLLKEL,,,2.373106914
100K_winter19,relaxed_pairs4A0B000B_A_C_D-59-4o60_0001_34YN_neg_epi,DEEVEKIVKDLKRRGVSDEEIKQILQRHGVSDEEVERVIKKVK,,,2.372789886
100K_winter19,relaxed_pairs4A0B000B_A_C_D-59-4o60_0001_8KA_neg_epi,SEEEERVRKLLERAEELLKRGNPEEARELVEEAKRIAEENNDEELRRLVERVERLVN,,,2.36702843
100K_winter19,relaxed_pairs4A0B000B_A_C_D-62-1pc60_0001_refine_noW_4,DEEERRMEKILELLRRLNDEEAVRLLEELLRRLRKEKDPRYLEEAERILEEVERRL,,,2.366719549
100K_winter19,nmt_holdout_HHHH_topo_4h_2992_refine_anythinggoes_3,DEEEEARRLLEEAKRIEDPEEKEKVLREARRLAEELGDEELLREIERLLEEL,,,2.366121577
100K_winter19,nmt_holdout_HHHH_topo_4h_1695_interaction,DEEVRELVRRAKELAKHIEDEEERRRLEELAEELEKKGDPRVYEEIERILKRL,,,2.365584323
